x ind,t ind,y,t,x
1,1,10,0,0
2,1,10,0,0.1
3,1,10,0,0.2
4,1,10,0,0.3
5,1,10,0,0.4
6,1,10,0,0.5
7,1,10,0,0.6
8,1,10,0,0.7
9,1,10,0,0.8
10,1,10,0,0.9
11,1,10,0,1
1,2,7.428571429,4,0
2,2,10,4,0.1
3,2,10,4,0.2
4,2,10,4,0.3
5,2,10,4,0.4
6,2,10,4,0.5
7,2,10,4,0.6
8,2,10,4,0.7
9,2,10,4,0.8
10,2,10,4,0.9
11,2,10,4,1
1,3,5.297959186,8,0
2,3,9.486889796,8,0.1
3,3,10,8,0.2
4,3,10,8,0.3
5,3,10,8,0.4
6,3,10,8,0.5
7,3,10,8,0.6
8,3,10,8,0.7
9,3,10,8,0.8
10,3,10,8,0.9
11,3,10,8,1
1,4,3.532594758,12,0
2,4,8.75340609,12,0.1
3,4,9.897612524,12,0.2
4,4,10,12,0.3
5,4,10,12,0.4
6,4,10,12,0.5
7,4,10,12,0.6
8,4,10,12,0.7
9,4,10,12,0.8
10,4,10,12,0.9
11,4,10,12,1
1,5,2.069864233,16,0
2,5,7.939948701,16,0.1
3,5,9.689724992,16,0.2
4,5,9.97956931,16,0.3
5,5,10,16,0.4
6,5,10,16,0.5
7,5,10,16,0.6
8,5,10,16,0.7
9,5,10,16,0.8
10,5,10,16,0.9
11,5,10,16,1
1,6,0.857887513,20,0
2,6,7.117770635,20,0.1
3,6,9.398405995,20,0.2
4,6,9.925809745,20,0.3
5,6,9.995923202,20,0.4
6,6,10,20,0.5
7,6,10,20,0.6
8,6,10,20,0.7
9,6,10,20,0.8
10,6,10,20,0.9
11,6,10,20,1
1,7,-0.146321769,24,0
2,7,6.323740168,24,0.1
3,7,9.048561151,24,0.2
4,7,9.834560734,24,0.3
5,7,9.982746058,24,0.4
6,7,9.999186504,24,0.5
7,7,10,24,0.6
8,7,10,24,0.7
9,7,10,24,0.8
10,7,10,24,0.9
11,7,10,24,1
1,8,-0.978380871,28,0
2,8,5.576404087,28,0.1
3,8,8.661683189,28,0.2
4,8,9.707289454,28,0.3
5,8,9.956457309,28,0.4
6,8,9.996068258,28,0.5
7,8,9.999837673,28,0.6
8,8,10,28,0.7
9,8,10,28,0.8
10,8,10,28,0.9
11,8,10,28,1
1,9,-1.667801269,32,0
2,9,4.884088976,32,0.1
3,9,8.254681043,32,0.2
4,9,9.548365858,32,0.3
5,9,9.914641725,32,0.4
6,9,9.988916336,32,0.5
7,9,9.999117904,32,0.6
8,9,9.999967609,32,0.7
9,9,10,32,0.8
10,9,10,32,0.9
11,9,10,32,1
1,10,-2.239035313,36,0
2,10,4.249283648,36,0.1
3,10,7.840249036,36,0.2
4,10,9.363308027,36,0.3
5,10,9.85637496,36,0.4
6,10,9.976131018,36,0.5
7,10,9.997251807,36,0.6
8,10,9.99980452,36,0.7
9,10,9.999993537,36,0.8
10,10,10,36,0.9
11,10,10,36,1
1,11,-2.712343522,40,0
2,11,3.671137438,40,0.1
3,11,7.427613085,40,0.2
4,11,9.157780469,40,0.3
5,11,9.781883441,40,0.4
6,11,9.956449054,40,0.5
7,11,9.99354668,40,0.6
8,11,9.999332861,40,0.7
9,11,9.999957109,40,0.8
10,11,9.99999871,40,0.9
11,11,10,40,1
1,12,-3.10451318,44,0
2,12,3.146937292,44,0.1
3,12,7.023277745,44,0.2
4,12,8.937073216,44,0.3
5,12,9.692181472,44,0.4
6,12,9.929018299,44,0.5
7,12,9.987298705,44,0.6
8,12,9.998302834,44,0.7
9,12,9.999840846,44,0.8
10,12,9.999990666,44,0.9
11,12,10,44,1
1,13,-3.429453755,48,0
2,13,2.673001053,48,0.1
3,13,6.631665912,48,0.2
4,13,8.705865459,48,0.3
5,13,9.588764111,48,0.4
6,13,9.893388641,48,0.5
7,13,9.977865062,48,0.6
8,13,9.996413938,48,0.7
9,13,9.999563842,48,0.8
10,13,9.999962633,48,0.9
11,13,10,48,1
1,14,-3.698690232,52,0
2,14,2.245223081,52,0.1
3,14,6.255634319,52,0.2
4,14,8.468149874,52,0.3
5,14,9.47337364,52,0.4
6,14,9.849459658,52,0.5
7,14,9.964709691,52,0.6
8,14,9.993341183,52,0.7
9,14,9.999014877,52,0.8
10,14,9.999890514,52,0.9
11,14,10,52,1
1,15,-3.921771885,56,0
2,15,1.859406553,56,0.1
3,15,5.896877078,56,0.2
4,15,8.227243421,56,0.3
5,15,9.347833696,56,0.4
6,15,9.7974117,56,0.5
7,15,9.94742558,56,0.6
8,15,9.988760119,56,0.7
9,15,9.998057459,56,0.8
10,15,9.999737634,56,0.9
11,15,10,56,1
1,16,-4.106610969,60,0
2,16,1.511462094,60,0.1
3,16,5.556236632,60,0.2
4,16,7.985841248,60,0.3
5,16,9.213937991,60,0.4
6,16,9.737635819,60,0.5
7,16,9.925739394,60,0.6
8,16,9.982367325,60,0.7
9,16,9.996537508,60,0.8
10,16,9.99945472,60,0.9
11,16,10,60,1
1,17,-4.259763354,64,0
2,17,1.197521611,64,0.1
3,17,5.233941011,64,0.2
4,17,7.746088934,64,0.3
5,17,9.073380219,64,0.4
6,17,9.670670383,64,0.5
7,17,9.899504368,64,0.6
8,17,9.973895184,64,0.7
9,17,9.994292058,64,0.8
10,17,9.998981418,64,0.9
11,17,10,64,1
1,18,-4.386661045,68,0
2,18,0.913998037,68,0.1
3,18,4.929783526,68,0.2
4,18,7.509659255,68,0.3
5,18,8.927713709,68,0.4
6,18,9.597147584,68,0.5
7,18,9.868686337,68,0.6
8,18,9.963121079,68,0.7
9,18,9.991157736,68,0.8
10,18,9.998248941,68,0.9
11,18,10,68,1
1,19,-4.491804847,72,0
2,19,0.657610689,72,0.1
3,19,4.64325799,72,0.2
4,19,7.277826118,72,0.3
5,19,8.77833182,72,0.4
6,19,9.517750455,72,0.5
7,19,9.833346497,72,0.6
8,19,9.949871815,72,0.7
9,19,9.98697822,72,0.8
10,19,9.997183353,72,0.9
11,19,10,72,1
1,20,-4.578923997,76,0
2,20,0.42538905,76,0.1
3,20,4.373659791,76,0.2
4,20,7.051532062,76,0.3
5,20,8.626462332,76,0.4
6,20,9.433179684,76,0.5
7,20,9.793623356,76,0.6
8,20,9.934024338,76,0.7
9,20,9.981610264,76,0.8
10,20,9.995709033,76,0.9
11,20,10,76,1
1,21,-4.651108437,80,0
2,21,0.214663351,80,0.1
3,21,4.120160851,80,0.2
4,21,6.831447864,80,0.3
5,21,8.473170931,80,0.4
6,21,9.344128959,80,0.5
7,21,9.749715409,80,0.6
8,21,9.915503757,80,0.7
9,21,9.974928141,80,0.8
10,21,9.993751956,80,0.9
11,21,10,80,1
1,22,-4.710918401,84,0
2,22,0.023047476,84,0.1
3,22,3.881864678,84,0.2
4,22,6.618024018,84,0.3
5,22,8.319370273,84,0.4
6,22,9.251267384,84,0.5
7,22,9.70186541,84,0.6
8,22,9.894279587,84,0.7
9,22,9.966826587,84,0.8
10,22,9.991242551,84,0.9
11,22,10,84,1
1,23,-4.760475229,88,0
2,23,-0.151582191,88,0.1
3,23,3.657846321,88,0.2
4,23,6.411534459,88,0.3
5,23,8.165832193,88,0.4
6,23,9.15522759,88,0.5
7,23,9.650346667,88,0.6
8,23,9.870360948,88,0.7
9,23,9.957222383,88,0.8
10,23,9.988118006,88,0.9
11,23,10,88,1
1,24,-4.801536602,92,0
2,24,-2.867860119,92,0.1
3,24,3.44718087,92,0.2
4,24,6.212113242,92,0.3
5,24,8.013201395,92,0.4
6,24,9.056598281,92,0.5
7,24,9.59545147,92,0.6
8,24,9.843791249,92,0.7
9,24,9.946054805,92,0.8
10,24,9.984323972,92,0.9
11,24,10,92,1
1,25,-4.835558892,96,0
2,25,-3.066283344,96,0.1
3,25,2.738782053,96,0.2
4,25,6.019785013,96,0.3
5,25,7.862009515,96,0.4
6,25,8.95592019,96,0.5
7,25,9.537481594,96,0.6
8,25,9.814642782,96,0.7
9,25,9.933285182,96,0.8
10,25,9.979815673,96,0.9
11,25,10,96,1
1,26,-4.86374879,100,0
2,26,-3.242463279,100,0.1
3,26,2.235123423,100,0.2
4,26,5.732687049,100,0.3
5,26,7.712688836,100,0.4
6,26,8.853684553,100,0.5
7,26,9.476740705,100,0.6
8,26,9.78301149,100,0.7
9,26,9.918895765,100,0.8
10,26,9.974558484,100,0.9
11,26,10,100,1
1,27,-4.887106134,104,0
2,27,-3.372362478,104,0.1
3,27,1.840023961,104,0.2
4,27,5.429868423,104,0.3
5,27,7.545271167,104,0.4
6,27,8.750333412,104,0.5
7,27,9.413528448,104,0.6
8,27,9.749012079,104,0.7
9,27,9.902888127,104,0.8
10,27,9.968528059,104,0.9
11,27,10,104,1
1,28,-4.906459363,108,0
2,28,-3.474817496,108,0.1
3,28,1.516257299,108,0.2
4,28,5.13565411,108,0.3
5,28,7.363619223,108,0.4
6,28,8.642207681,108,0.5
7,28,9.348135978,108,0.6
8,28,9.712773583,108,0.7
9,28,9.88528124,108,0.8
10,28,9.96171008,108,0.9
11,28,10,108,1
1,29,-4.922494895,112,0
2,29,-3.558751179,112,0.1
3,29,1.242548755,112,0.2
4,29,4.858003854,112,0.3
5,29,7.174177893,112,0.4
6,29,8.527937436,112,0.5
7,29,9.280033858,112,0.6
8,29,9.674435424,112,0.7
9,29,9.866109399,112,0.8
10,29,9.954099731,112,0.9
11,29,10,112,1
1,30,-4.93578148,116,0
2,30,-3.629338475,116,0.1
3,30,1.005921889,116,0.2
4,30,4.598741599,116,0.3
5,30,6.982134955,116,0.4
6,30,8.407879858,116,0.5
7,30,9.208658405,116,0.6
8,30,9.633982581,116,0.7
9,30,9.845420068,116,0.8
10,30,9.94570096,116,0.9
11,30,10,116,1
1,31,-4.946790364,120,0
2,31,-3.689836673,120,0.1
3,31,0.797910302,120,0.2
4,31,4.357409209,120,0.3
5,31,6.791043046,120,0.4
6,31,8.283172286,120,0.5
7,31,9.133739167,120,0.6
8,31,9.59130302,120,0.7
9,31,9.823239564,120,0.8
10,31,9.93652561,120,0.9
11,31,10,120,1
1,32,-4.955912011,124,0
2,32,-3.742441032,124,0.1
3,32,0.61268503,124,0.2
4,32,4.132750876,124,0.3
5,32,6.603172529,124,0.4
6,32,8.1551531,124,0.5
7,32,9.05531822,124,0.6
8,32,9.546280702,124,0.7
9,32,9.799563704,124,0.8
10,32,9.92658605,124,0.9
11,32,10,124,1
1,33,-4.963469948,128,0
2,33,-3.788710559,128,0.1
3,33,0.446054729,128,0.2
4,33,3.923301875,128,0.3
5,33,6.419904171,128,0.4
6,33,8.025087982,128,0.5
7,33,8.973664756,128,0.6
8,33,9.49885346,128,0.7
9,33,9.774369292,128,0.8
10,33,9.915888877,128,0.9
11,33,10,128,1
1,34,-4.969732238,132,0
2,34,-3.829797619,132,0.1
3,34,0.294897394,132,0.2
4,34,3.7276212,132,0.3
5,34,6.24202798,132,0.4
6,34,7.894066738,132,0.5
7,34,8.889180691,132,0.6
8,34,9.449033022,132,0.7
9,34,9.747631298,132,0.8
10,34,9.904433429,132,0.9
11,34,10,132,1
1,35,-4.974920993,136,0
2,35,-3.86658059,136,0.1
3,35,0.156819482,136,0.2
4,35,3.544377597,136,0.3
5,35,6.069948601,136,0.4
6,35,7.762982085,136,0.5
7,35,8.802327343,136,0.6
8,35,9.396901641,136,0.7
9,35,9.71933689,136,0.8
10,35,9.89221431,136,0.9
11,35,10,136,1
1,36,-4.979220248,140,0
2,36,-3.899745177,140,0.1
3,36,0.029941761,140,0.2
4,36,3.372374226,140,0.3
5,36,5.903821685,140,0.4
6,36,7.632543269,140,0.5
7,36,8.713576475,140,0.6
8,36,9.342598238,140,0.7
9,36,9.689493694,140,0.8
10,36,9.87922572,140,0.9
11,36,10,140,1
1,37,-4.982782487,144,0
2,37,-3.929836842,144,0.1
3,37,-0.087240674,144,0.2
4,37,3.210547961,144,0.3
5,37,5.743643471,144,0.4
6,37,7.50330168,144,0.5
7,37,8.62338082,144,0.6
8,37,9.286301949,144,0.7
9,37,9.658132854,144,0.8
10,37,9.865465695,144,0.9
11,37,10,144,1
1,38,-4.985734057,148,0
2,38,-3.957296082,148,0.1
3,38,-2.327605903,148,0.2
4,38,3.05795891,148,0.3
5,38,5.589309582,148,0.4
6,38,7.375678245,148,0.5
7,38,8.532158204,148,0.6
8,38,9.228216974,148,0.7
9,38,9.62530844,148,0.8
10,38,9.850939267,148,0.9
11,38,10,148,1
1,39,-4.988179643,152,0
2,39,-4.40783912,152,0.1
3,39,-2.482206933,152,0.2
4,39,2.488420865,152,0.3
5,39,5.440653743,152,0.4
6,39,7.249988453,152,0.5
7,39,8.440284445,152,0.6
8,39,9.168560184,152,0.7
9,39,9.591094694,152,0.8
10,39,9.835660252,152,0.9
11,39,10,152,1
1,40,-4.990205988,156,0
2,40,-4.461335538,156,0.1
3,40,-2.94283051,156,0.2
4,40,2.085664576,156,0.3
5,40,5.212596577,156,0.4
6,40,7.126463699,156,0.5
7,40,8.348091603,156,0.6
8,40,9.107551706,156,0.7
9,40,9.555582261,156,0.8
10,40,9.819651764,156,0.9
11,40,10,156,1
1,41,-4.99188496,160,0
2,41,-4.557248131,160,0.1
3,41,-3.084816883,160,0.2
4,41,1.706221245,160,0.3
5,41,4.970538145,160,0.4
6,41,6.988332308,160,0.5
7,41,8.25586932,160,0.6
8,41,9.045408164,160,0.7
9,41,9.518874147,160,0.8
10,41,9.802945783,160,0.9
11,41,10,160,1
1,42,-4.993276108,164,0
2,42,-4.591275344,164,0.1
3,42,-3.239433302,164,0.2
4,42,1.401574929,164,0.3
5,42,4.721803437,164,0.4
6,42,6.838623852,164,0.5
7,42,8.1604882,164,0.6
8,42,8.982338082,164,0.7
9,42,9.481081858,164,0.8
10,42,9.785582079,164,0.9
11,42,10,164,1
1,43,-4.994428774,168,0
2,43,-4.624748354,168,0.1
3,43,-3.333028399,168,0.2
4,43,1.138022769,168,0.3
5,43,4.481671948,168,0.4
6,43,6.679996047,168,0.5
7,43,8.060713885,168,0.6
8,43,8.917864566,168,0.7
9,43,9.442321944,168,0.8
10,43,9.767606799,168,0.9
11,43,10,168,1
1,44,-4.99538384,172,0
2,44,-4.645839523,172,0.1
3,44,-3.415187983,172,0.2
4,44,0.913057755,172,0.3
5,44,4.253130509,172,0.4
6,44,6.516848558,172,0.5
7,44,7.956239799,172,0.6
8,44,8.851477994,172,0.7
9,44,9.40257849,172,0.8
10,44,9.749070933,172,0.9
11,44,10,172,1
1,45,-4.99617518,176,0
2,45,-4.663928083,176,0.1
3,45,-3.479780338,176,0.2
4,45,0.715874894,176,0.3
5,45,4.038351616,176,0.4
6,45,6.352360031,176,0.5
7,45,7.847657945,176,0.6
8,45,8.782807774,176,0.7
9,45,9.361750414,176,0.8
10,45,9.730001944,176,0.9
11,45,10,176,1
1,46,-4.996830862,180,0
2,46,-4.678249098,180,0.1
3,46,-3.535753033,180,0.2
4,46,0.54163836,180,0.3
5,46,3.837118969,180,0.4
6,46,6.188992199,180,0.5
7,46,7.735884396,180,0.6
8,46,8.711729174,180,0.7
9,46,9.319708508,180,0.8
10,46,9.710396165,180,0.9
11,46,10,180,1
1,47,-4.997374142,184,0
2,47,-4.690573843,184,0.1
3,47,-3.583907165,184,0.2
4,47,0.385613648,184,0.3
5,47,3.648828856,184,0.4
6,47,6.028363983,184,0.5
7,47,7.621935962,184,0.6
8,47,8.638324252,184,0.7
9,47,9.276349506,184,0.8
10,47,9.690225611,184,0.9
11,47,10,184,1
1,48,-4.997824288,188,0
2,48,-4.701161495,188,0.1
3,48,-3.626560506,188,0.2
4,48,0.24467541,188,0.3
5,48,3.472496808,188,0.4
6,48,5.871530651,188,0.5
7,48,7.50676308,188,0.6
8,48,8.562824611,188,0.7
9,48,9.231622144,188,0.8
10,48,9.669452857,188,0.9
11,48,10,188,1
1,49,-4.998197266,192,0
2,49,-4.71050105,192,0.1
3,49,-3.664639205,192,0.2
4,49,0.116286638,192,0.3
5,49,3.307118171,192,0.4
6,49,5.719119535,192,0.5
7,49,7.391193664,192,0.6
8,49,8.485548846,192,0.7
9,49,9.185534365,192,0.8
10,49,9.648045187,192,0.9
11,49,10,192,1
1,50,-4.998506305,196,0
2,50,-4.718811935,196,0.1
3,50,-3.699061108,196,0.2
4,50,-0.001462466,196,0.3
5,50,3.151708174,196,0.4
6,50,5.57147234,196,0.5
7,50,7.275913975,196,0.6
8,50,8.406855197,196,0.7
9,50,9.138147986,196,0.8
10,50,9.625984525,196,0.9
11,50,10,196,1
1,51,-4.998762366,200,0
2,51,-4.726297409,200,0.1
3,51,-3.730415191,200,0.2
4,51,-2.161315621,200,0.3
5,51,3.005362151,200,0.4
6,51,5.428734839,200,0.5
7,51,7.161476064,200,0.6
8,51,8.327108207,200,0.7
9,51,9.08956803,200,0.8
10,51,9.603272345,200,0.9
11,51,10,200,1
1,52,-4.998974531,204,0
2,52,-4.733092651,204,0.1
3,52,-4.16849231,204,0.2
4,52,-2.313891367,204,0.3
5,52,2.457955216,204,0.4
6,52,5.290924263,204,0.5
7,52,7.048313497,204,0.6
8,52,8.24665805,204,0.7
9,52,9.039930645,204,0.8
10,52,9.579930488,204,0.9
11,52,10,204,1
1,53,-4.999150325,208,0
2,53,-4.820981589,208,0.1
3,53,-4.22428991,208,0.2
4,53,-2.760602463,208,0.3
5,53,2.071066053,208,0.4
6,53,5.076299994,208,0.5
7,53,6.936760124,208,0.6
8,53,8.165828834,208,0.7
9,53,8.989391876,208,0.8
10,53,9.555999247,208,0.9
11,53,10,208,1
1,54,-4.999295983,212,0
2,54,-4.836306159,212,0.1
3,54,-4.382297544,212,0.2
4,54,-2.900516054,212,0.3
5,54,1.70661408,212,0.4
6,54,4.847868557,212,0.5
7,54,6.810770476,212,0.6
8,54,8.084913075,212,0.7
9,54,8.938118208,212,0.8
10,54,9.531533972,212,0.9
11,54,10,212,1
1,55,-4.999416671,216,0
2,55,-4.868652878,216,0.1
3,55,-4.429070844,216,0.2
4,55,-3.098882754,216,0.3
5,55,1.414109063,216,0.4
6,55,4.612736721,216,0.5
7,55,6.673333474,216,0.6
8,55,8.00091801,216,0.7
9,55,8.886279095,216,0.8
10,55,9.506601145,216,0.9
11,55,10,216,1
1,56,-4.99951667,220,0
2,56,-4.879570684,220,0.1
3,56,-4.495211761,220,0.2
4,56,-3.201689346,220,0.3
5,56,1.151837083,220,0.4
6,56,4.385650783,220,0.5
7,56,6.527066122,220,0.6
8,56,7.912675479,220,0.7
9,56,8.833392449,220,0.8
10,56,9.481274528,220,0.9
11,56,10,220,1
1,57,-4.999599526,224,0
2,57,-4.89334815,224,0.1
3,57,-4.527015047,224,0.2
4,57,-3.308659722,224,0.3
5,57,0.928406406,224,0.4
6,57,4.167670493,224,0.5
7,57,6.376250437,224,0.6
8,57,7.819909524,224,0.7
9,57,8.778950195,224,0.8
10,57,9.455502249,224,0.9
11,57,10,224,1
1,58,-4.999668178,228,0
2,58,-4.900392891,228,0.1
3,58,-4.56022077,228,0.2
4,58,-3.382171458,228,0.3
5,58,0.729302136,228,0.4
6,58,3.962004834,228,0.5
7,58,6.223615943,228,0.6
8,58,7.72320738,228,0.7
9,58,8.722581609,228,0.8
10,58,9.429151756,228,0.9
11,58,10,228,1
1,59,-4.999725061,232,0
2,59,-4.907395905,232,0.1
3,59,-4.581736416,232,0.2
4,59,-3.450342037,232,0.3
5,59,0.553949681,232,0.4
6,59,3.768230444,232,0.5
7,59,6.071560361,232,0.6
8,59,7.62339261,232,0.7
9,59,8.664154646,232,0.8
10,59,9.40206942,232,0.9
11,59,10,232,1
1,60,-4.999772193,236,0
2,60,-4.912055444,236,0.1
3,60,-4.601615049,236,0.2
4,60,-3.504708844,236,0.3
5,60,0.396308638,236,0.4
6,60,3.586456709,236,0.5
7,60,5.921604369,236,0.6
8,60,7.521412199,236,0.7
9,60,8.603723638,236,0.8
10,60,9.374136574,236,0.9
11,60,10,236,1
1,61,-4.999811246,240,0
2,61,-4.916272772,240,0.1
3,61,-4.616896006,240,0.2
4,61,-3.553669351,240,0.3
5,61,0.254459725,240,0.4
6,61,3.415847484,240,0.5
7,61,5.774872558,240,0.6
8,61,7.418149491,240,0.7
9,61,8.54148652,240,0.8
10,61,9.345292752,240,0.9
11,61,10,240,1
1,62,-4.999843603,244,0
2,62,-4.919546154,244,0.1
3,62,-4.630552339,244,0.2
4,62,-3.595761072,244,0.3
5,62,0.125407115,244,0.4
6,62,3.255741742,244,0.5
7,62,5.632050129,244,0.6
8,62,7.314399197,244,0.7
9,62,8.477726432,244,0.8
10,62,9.315541115,244,0.9
11,62,10,244,1
1,63,-4.999870414,248,0
2,63,-4.922446721,248,0.1
3,63,-4.642051039,248,0.2
4,63,-3.63375681,248,0.3
5,63,0.007510498,248,0.4
6,63,3.105281191,248,0.5
7,63,5.493575504,248,0.6
8,63,7.210832097,248,0.7
9,63,8.412772727,248,0.8
10,63,9.284940061,248,0.9
11,63,10,248,1
1,64,-4.999892628,252,0
2,64,-4.924895351,252,0.1
3,64,-4.652351585,252,0.2
4,64,-3.667709861,252,0.3
5,64,-0.100940369,252,0.4
6,64,2.963710247,252,0.5
7,64,5.35967472,252,0.6
8,64,7.108004478,252,0.7
9,64,8.346968821,252,0.8
10,64,9.253590402,252,0.9
11,64,10,252,1
1,65,-4.999911035,256,0
2,65,-4.927080564,256,0.1
3,65,-4.661449231,256,0.2
4,65,-3.698687672,256,0.3
5,65,-2.179774503,256,0.4
6,65,2.830278704,256,0.5
7,65,5.230443839,256,0.6
8,65,7.006364248,256,0.7
9,65,8.280652197,256,0.8
10,65,9.221621245,256,0.9
11,65,10,256,1
1,66,-4.999926286,260,0
2,66,-4.929010712,260,0.1
3,66,-4.669698959,260,0.2
4,66,-4.121796689,260,0.3
5,66,-2.325748676,260,0.4
6,66,2.309494181,260,0.5
7,66,5.105880262,260,0.6
8,66,6.906267073,260,0.7
9,66,8.214140791,260,0.8
10,66,9.189177514,260,0.9
11,66,10,260,1
1,67,-4.999938922,264,0
2,67,-4.930757508,264,0.1
3,67,-4.755964126,264,0.2
4,67,-4.176682992,264,0.3
5,67,-2.755552431,264,0.4
6,67,1.942563446,264,0.5
7,67,4.907135722,264,0.6
8,67,6.807989604,264,0.7
9,67,8.147725546,264,0.8
10,67,9.156409736,264,0.9
11,67,10,264,1
1,68,-4.999949392,268,0
2,68,-4.948061289,268,0.1
3,68,-4.772216864,268,0.2
4,68,-4.330050023,268,0.3
5,68,-2.890015446,268,0.4
6,68,1.596647203,268,0.5
7,68,4.694878315,268,0.6
8,68,6.696022527,268,0.7
9,68,8.081666533,268,0.8
10,68,9.123466422,268,0.9
11,68,10,268,1
1,69,-4.999958068,272,0
2,69,-4.952111245,272,0.1
3,69,-4.816622567,272,0.2
4,69,-4.376221541,272,0.3
5,69,-3.080931472,272,0.4
6,69,1.319595607,272,0.5
7,69,4.47596246,272,0.6
8,69,6.573203857,272,0.7
9,69,8.013054896,272,0.8
10,69,9.09048871,272,0.9
11,69,10,272,1
1,70,-4.999965256,276,0
2,70,-4.961165622,276,0.1
3,70,-4.830940862,276,0.2
4,70,-4.449943862,276,0.3
5,70,-3.17985652,276,0.4
6,70,1.071332321,276,0.5
7,70,4.264621541,276,0.6
8,70,6.442026307,276,0.7
9,70,7.940737127,276,0.8
10,70,9.05698097,276,0.9
11,70,10,276,1
1,71,-4.999971212,280,0
2,71,-4.964446211,280,0.1
3,71,-4.853142308,280,0.2
4,71,-4.4838876,280,0.3
5,71,-3.289570891,280,0.4
6,71,0.860236008,280,0.5
7,71,4.061909054,280,0.6
8,71,6.306597778,280,0.7
9,71,7.864418574,280,0.8
10,71,9.022415196,280,0.9
11,71,10,280,1
1,72,-4.999976147,284,0
2,72,-4.969032313,284,0.1
3,72,-4.863415112,284,0.2
4,72,-4.524093783,284,0.3
5,72,-3.362362597,284,0.4
6,72,0.67104267,284,0.5
7,72,3.870949668,284,0.6
8,72,6.169538189,284,0.7
9,72,7.784636516,284,0.8
10,72,8.986415306,284,0.9
11,72,10,284,1
1,73,-4.999980236,288,0
2,73,-4.971297647,288,0.1
3,73,-4.87537151,288,0.2
4,73,-4.548223854,288,0.3
5,73,-3.433802623,288,0.4
6,73,0.504724044,288,0.5
7,73,3.691098004,288,0.6
8,73,6.033152603,288,0.7
9,73,7.702161555,288,0.8
10,73,8.948862519,288,0.9
11,73,10,288,1
1,74,-4.999983624,292,0
2,74,-4.973791139,292,0.1
3,74,-4.882447247,292,0.2
4,74,-4.572611861,292,0.3
5,74,-3.488489773,292,0.4
6,74,0.354637344,292,0.5
7,74,3.522620106,292,0.6
8,74,5.898851151,292,0.7
9,74,7.617893012,292,0.8
10,74,8.909839222,292,0.9
11,74,10,292,1
1,75,-4.999986431,296,0
2,75,-4.975320735,296,0.1
3,75,-4.889521201,296,0.2
4,75,-4.589987447,296,0.3
5,75,-3.539359012,296,0.4
6,75,0.21991711,296,0.5
7,75,3.364631707,296,0.6
8,75,5.767713744,296,0.7
9,75,7.532669126,296,0.8
10,75,8.869574381,296,0.9
11,75,10,296,1
1,76,-4.999988757,300,0
2,76,-4.976805033,300,0.1
3,76,-4.894468743,300,0.2
4,76,-4.606276079,300,0.3
5,76,-3.581696334,300,0.4
6,76,0.097285748,300,0.5
7,76,3.216644227,300,0.6
8,76,5.640380128,300,0.7
9,76,7.44725478,300,0.8
10,76,8.828372844,300,0.9
11,76,10,300,1
1,77,-4.999990684,304,0
2,77,-4.977862566,304,0.1
3,77,-4.899067043,304,0.2
4,77,-4.619208118,304,0.3
5,77,-3.620407603,304,0.4
6,77,-0.014383145,304,0.5
7,77,3.07783771,304,0.6
8,77,5.517289872,304,0.7
9,77,7.362298094,304,0.8
10,77,8.78657043,304,0.9
11,77,10,304,1
1,78,-4.999992281,308,0
2,78,-4.978830406,308,0.1
3,78,-4.902657531,308,0.2
4,78,-4.630998199,308,0.3
5,78,-3.65423214,308,0.4
6,78,-2.117325295,308,0.5
7,78,2.94758238,308,0.6
8,78,5.39867283,308,0.7
9,78,7.278343253,308,0.8
10,78,8.744498262,308,0.9
11,78,10,308,1
1,79,-4.999993604,312,0
2,79,-4.979592753,312,0.1
3,79,-4.905905963,312,0.2
4,79,-4.641000262,312,0.3
5,79,-4.084314041,312,0.4
6,79,-2.265926024,312,0.5
7,79,2.426013823,312,0.6
8,79,5.284650045,312,0.7
9,79,7.195829206,312,0.8
10,79,8.702463907,312,0.9
11,79,10,312,1
1,80,-4.999994701,316,0
2,80,-4.980277151,316,0.1
3,80,-4.908626816,316,0.2
4,80,-4.729732089,316,0.3
5,80,-4.141368165,316,0.4
6,80,-2.701267046,316,0.5
7,80,2.06019118,316,0.6
8,80,5.095591756,316,0.7
9,80,7.115105249,316,0.8
10,80,8.660739773,316,0.9
11,80,10,316,1
1,81,-4.999995609,320,0
2,81,-4.980852504,320,0.1
3,81,-4.926974475,320,0.2
4,81,-4.747266007,320,0.3
5,81,-4.297800776,320,0.4
6,81,-2.837399768,320,0.5
7,81,1.715768705,320,0.6
8,81,4.892878745,320,0.7
9,81,7.020546085,320,0.8
10,81,8.619559256,320,0.9
11,81,10,320,1
1,82,-4.999996362,324,0
2,82,-4.984540899,324,0.1
3,82,-4.931754362,324,0.2
4,82,-4.793129961,324,0.3
5,82,-4.345413389,324,0.4
6,82,-3.030407139,324,0.5
7,82,1.441186073,324,0.6
8,82,4.68346995,324,0.7
9,82,6.915056922,324,0.8
10,82,8.57594469,324,0.9
11,82,10,324,1
1,83,-4.999996985,328,0
2,83,-4.985665557,328,0.1
3,83,-4.943908984,328,0.2
4,83,-4.808353722,328,0.3
5,83,-4.420719499,328,0.4
6,83,-3.130023082,328,0.5
7,83,1.195886176,328,0.6
8,83,4.481792602,328,0.7
9,83,6.801177972,328,0.8
10,83,8.528686464,328,0.9
11,83,10,328,1
1,84,-4.999997502,332,0
2,84,-4.988143323,332,0.1
3,84,-4.948356286,332,0.2
4,84,-4.833251479,332,0.3
5,84,-4.455557205,332,0.4
6,84,-3.240372658,332,0.5
7,84,0.98836104,332,0.6
8,84,4.288930229,332,0.7
9,84,6.683073169,332,0.8
10,84,8.477564591,332,0.9
11,84,10,332,1
1,85,-4.99999793,336,0
2,85,-4.989145542,336,0.1
3,85,-4.955398737,336,0.2
4,85,-4.844707196,336,0.3
5,85,-4.497965204,336,0.4
6,85,-3.313155398,336,0.5
7,85,0.803152442,336,0.6
8,85,4.108059345,336,0.7
9,85,6.563416992,336,0.8
10,85,8.423277757,336,0.9
11,85,10,336,1
1,86,-4.999998285,340,0
2,86,-4.99059741,340,0.1
3,86,-4.958765764,340,0.2
4,86,-4.859010357,340,0.3
5,86,-4.523087402,340,0.4
6,86,-3.385460681,340,0.5
7,86,0.641243181,340,0.6
8,86,3.938537859,340,0.7
9,86,6.444589843,340,0.8
10,86,8.366779487,340,0.9
11,86,10,340,1
1,87,-4.999998579,344,0
2,87,-4.991336578,344,0.1
3,87,-4.962870441,344,0.2
4,87,-4.867223409,344,0.3
5,87,-4.549464002,344,0.4
6,87,-3.440056271,344,0.5
7,87,0.495694788,344,0.6
8,87,3.780651031,344,0.7
9,87,6.328084283,344,0.8
10,87,8.309117761,344,0.9
11,87,10,344,1
1,88,-4.999998823,348,0
2,88,-4.992189987,348,0.1
3,88,-4.965256359,348,0.2
4,88,-4.875961978,348,0.3
5,88,-4.567770995,348,0.4
6,88,-3.491515662,348,0.5
7,88,0.365833331,348,0.6
8,88,3.633483586,348,0.7
9,88,6.215063254,348,0.8
10,88,8.251220154,348,0.9
11,88,10,348,1
1,89,-4.999999024,352,0
2,89,-4.992705667,352,0.1
3,89,-4.967753954,352,0.2
4,89,-4.881818145,352,0.3
5,89,-4.585475987,352,0.4
6,89,-3.533613245,352,0.5
7,89,0.24816316,352,0.6
8,89,3.496583101,352,0.7
9,89,6.106228037,352,0.8
10,89,8.193876115,352,0.9
11,89,10,352,1
1,90,-4.999999192,356,0
2,90,-4.993228006,356,0.1
3,90,-4.969426798,356,0.2
4,90,-4.887505337,356,0.3
5,90,-4.599110947,356,0.4
6,90,-3.572391816,356,0.5
7,90,0.141735687,356,0.6
8,90,3.369120111,356,0.7
9,90,6.002067292,356,0.8
10,90,8.137699973,356,0.9
11,90,10,356,1
1,91,-4.99999933,360,0
2,91,-4.993586054,360,0.1
3,91,-4.971032867,360,0.2
4,91,-4.891750484,360,0.3
5,91,-4.611768247,360,0.4
6,91,-3.605703775,360,0.5
7,91,0.044609583,360,0.6
8,91,3.250504406,360,0.7
9,91,5.902831736,360,0.8
10,91,8.083158395,360,0.9
11,91,10,360,1
1,92,-4.999999445,364,0
2,92,-4.993923169,364,0.1
3,92,-4.97222418,364,0.2
4,92,-4.895683597,364,0.3
5,92,-4.622201869,364,0.4
6,92,-3.636169877,364,0.5
7,92,-0.044070962,364,0.6
8,92,3.140043967,364,0.7
9,92,5.808647373,364,0.8
10,92,8.030581834,364,0.9
11,92,10,364,1
1,93,-4.99999954,368,0
2,93,-4.994176539,368,0.1
3,93,-4.973318291,368,0.2
4,93,-4.89884574,368,0.3
5,93,-4.631729589,368,0.4
6,93,-3.663142042,368,0.5
7,93,-2.118172467,368,0.6
8,93,3.037177325,368,0.7
9,93,5.719517776,368,0.8
10,93,7.980194011,368,0.9
11,93,10,368,1
1,94,-4.999999619,372,0
2,94,-4.994406631,372,0.1
3,94,-4.974190904,372,0.2
4,94,-4.901718201,372,0.3
5,94,-4.639936759,372,0.4
6,94,-4.085446149,372,0.5
7,94,-2.254807719,372,0.6
8,94,2.543705975,372,0.7
9,94,5.635377693,372,0.8
10,94,7.932130074,372,0.9
11,94,10,372,1
1,95,-4.999999684,376,0
2,95,-4.994591438,376,0.1
3,95,-4.974977928,376,0.2
4,95,-4.904146709,376,0.3
5,95,-4.726750121,376,0.4
6,95,-4.138399672,376,0.5
7,95,-2.678123002,376,0.6
8,95,2.20311785,376,0.7
9,95,5.476757218,376,0.8
10,95,7.886458215,376,0.9
11,95,10,376,1
1,96,-4.999999738,380,0
2,96,-4.994757065,380,0.1
3,96,-4.975638254,380,0.2
4,96,-4.922175464,380,0.3
5,96,-4.743156703,380,0.4
6,96,-4.290796231,380,0.5
7,96,-2.805572087,380,0.6
8,96,1.882332457,380,0.7
9,96,5.304364487,380,0.8
10,96,7.82736176,380,0.9
11,96,10,380,1
1,97,-4.999999783,384,0
2,97,-4.994896517,384,0.1
3,97,-4.979391182,384,0.2
4,97,-4.926779768,384,0.3
5,97,-4.787922696,384,0.4
6,97,-4.335639404,384,0.5
7,97,-2.990417575,384,0.6
8,97,1.629736639,384,0.7
9,97,5.124968523,384,0.8
10,97,7.757450117,384,0.9
11,97,10,384,1
1,98,-4.99999982,388,0
2,98,-4.995651859,388,0.1
3,98,-4.980588402,388,0.2
4,98,-4.938755869,388,0.3
5,98,-4.802410701,388,0.4
6,98,-4.408360822,388,0.5
7,98,-3.083180411,388,0.6
8,98,1.405266423,388,0.7
9,98,4.952812865,388,0.8
10,98,7.679642029,388,0.9
11,98,10,388,1
1,99,-4.999999851,392,0
2,99,-4.995925659,392,0.1
3,99,-4.983603169,392,0.2
4,99,-4.943102847,392,0.3
5,99,-4.826624075,392,0.4
6,99,-4.441156731,392,0.5
7,99,-3.187107559,392,0.6
8,99,1.217516471,392,0.7
9,99,4.789044595,392,0.8
10,99,7.598533606,392,0.9
11,99,10,392,1
1,100,-4.999999877,396,0
2,100,-4.996539899,396,0.1
3,100,-4.984816297,396,0.2
4,100,-4.950409155,396,0.3
5,100,-4.837565094,396,0.4
6,100,-4.481672687,396,0.5
7,100,-3.254107671,396,0.6
8,100,1.051278133,396,0.7
9,100,4.636985133,396,0.8
10,100,7.517115607,396,0.9
11,100,10,396,1
1,101,-4.999999898,400,0
2,101,-4.99681035,400,0.1
3,101,-4.986793543,400,0.2
4,101,-4.953844744,400,0.3
5,101,-4.851665969,400,0.4
6,101,-4.505165415,400,0.5
7,101,-3.320933441,400,0.6
8,101,0.907671368,400,0.7
9,101,4.496192377,400,0.8
10,101,7.437847989,400,0.9
11,101,10,400,1
1,102,-4.999999915,404,0
2,102,-4.997217398,404,0.1
3,102,-4.98777438,404,0.2
4,102,-4.958308508,404,0.3
5,102,-4.859596249,404,0.4
6,102,-4.530220801,404,0.5
7,102,-3.370394816,404,0.6
8,102,0.779947218,404,0.7
9,102,4.367115008,404,0.8
10,102,7.362120756,404,0.9
11,102,10,404,1
1,103,-4.99999993,408,0
2,103,-4.997431924,408,0.1
3,103,-4.989017409,408,0.2
4,103,-4.960836868,408,0.3
5,103,-4.868328978,408,0.4
6,103,-4.547229005,408,0.5
7,103,-3.41706388,408,0.6
8,103,0.66756982,408,0.7
9,103,4.248953302,408,0.8
10,103,7.290858713,408,0.9
11,103,10,408,1
1,104,-4.999999942,412,0
2,104,-4.997689878,412,0.1
3,104,-4.989741132,412,0.2
4,104,-4.963633759,412,0.3
5,104,-4.874033152,412,0.4
6,104,-4.563913749,412,0.5
7,104,-3.45447181,412,0.6
8,104,0.567149834,412,0.7
9,104,4.141304306,412,0.8
10,104,7.224458009,412,0.9
11,104,10,412,1
1,105,-4.999999952,416,0
2,105,-4.997846211,416,0.1
3,105,-4.990527218,416,0.2
4,105,-4.965447016,416,0.3
5,105,-4.879735498,416,0.4
6,105,-4.57645117,416,0.5
7,105,-3.488822142,416,0.6
8,105,0.477860956,416,0.7
9,105,4.04332861,416,0.8
10,105,7.163076289,416,0.9
11,105,10,416,1
1,106,-4.99999996,420,0
2,106,-4.998010294,420,0.1
3,106,-4.991043254,420,0.2
4,106,-4.967261533,420,0.3
5,106,-4.88386825,420,0.4
6,106,-4.588185602,420,0.5
7,106,-3.517681901,420,0.6
8,106,0.39780128,420,0.7
9,106,3.954388373,420,0.8
10,106,7.106640786,420,0.9
11,106,10,420,1
1,107,-4.999999967,424,0
2,107,-4.998120848,424,0.1
3,107,-4.99155292,424,0.2
4,107,-4.968559212,424,0.3
5,107,-4.887769251,424,0.4
6,107,-4.597603433,424,0.5
7,107,-3.543840849,424,0.6
8,107,0.326186129,424,0.7
9,107,3.873706276,424,0.8
10,107,7.054980498,424,0.9
11,107,10,424,1
1,108,-4.999999973,428,0
2,108,-4.998227657,428,0.1
3,108,-4.991918784,428,0.2
4,108,-4.969781978,428,0.3
5,108,-4.890807448,428,0.4
6,108,-4.606200568,428,0.5
7,108,-3.566442672,428,0.6
8,108,0.261832194,428,0.7
9,108,3.800624517,428,0.8
10,108,7.007837556,428,0.9
11,108,10,428,1
1,109,-4.999999977,432,0
2,109,-4.998305599,432,0.1
3,109,-4.992260236,432,0.2
4,109,-4.970720651,432,0.3
5,109,-4.893585538,432,0.4
6,109,-4.61339921,432,0.5
7,109,-3.586812294,432,0.6
8,109,0.204068021,432,0.7
9,109,3.73446024,432,0.8
10,109,6.964925746,432,0.9
11,109,10,432,1
1,110,-4.999999981,436,0
2,110,-4.998377335,436,0.1
3,110,-4.992522096,436,0.2
4,110,-4.971575891,436,0.3
5,110,-4.895858271,436,0.4
6,110,-4.619891668,436,0.5
7,110,-3.60470905,436,0.6
8,110,0.152089482,436,0.7
9,110,3.674612006,436,0.8
10,110,6.925936817,436,0.9
11,110,10,436,1
1,111,-4.999999984,440,0
2,111,-4.998432903,440,0.1
3,111,-4.992758954,440,0.2
4,111,-4.972266404,440,0.3
5,111,-4.897903826,440,0.4
6,111,-4.625476895,440,0.5
7,111,-3.620804484,440,0.6
8,111,0.105341378,440,0.7
9,111,3.62049644,440,0.8
10,111,6.890565525,440,0.9
11,111,10,440,1
1,112,-4.999999987,444,0
2,112,-4.998482734,444,0.1
3,112,-4.992949591,444,0.2
4,112,-4.97288512,444,0.3
5,112,-4.899633608,444,0.4
6,112,-4.630489434,444,0.5
7,112,-3.635088739,444,0.6
8,112,0.063239671,444,0.7
9,112,3.571591284,444,0.8
10,112,6.858512036,444,0.9
11,112,10,444,1
1,113,-4.999999989,448,0
2,113,-4.998523077,448,0.1
3,113,-4.99311944,448,0.2
4,113,-4.973402648,448,0.3
5,113,-4.90118038,448,0.4
6,113,-4.634875941,448,0.5
7,113,-3.647930245,448,0.6
8,113,0.025331158,448,0.7
9,113,3.527406337,448,0.8
10,113,6.829491962,448,0.9
11,113,10,448,1
1,114,-4.999999991,452,0
2,114,-4.998558834,452,0.1
3,114,-4.993260981,452,0.2
4,114,-4.973863305,452,0.3
5,114,-4.902517456,452,0.4
6,114,-4.638807611,452,0.5
7,114,-3.659396209,452,0.6
8,114,-0.00882783,452,0.7
9,114,3.48749985,452,0.8
10,114,6.803236594,452,0.9
11,114,10,452,1
1,115,-4.999999993,456,0
2,115,-4.998588729,456,0.1
3,115,-4.993386408,456,0.2
4,115,-4.97425814,456,0.3
5,115,-4.903711194,456,0.4
6,115,-4.64228563,456,0.5
7,115,-3.669707393,456,0.6
8,115,-2.064732193,456,0.7
9,115,3.451464219,456,0.8
10,115,6.779496314,456,0.9
11,115,10,456,1
1,116,-4.999999994,460,0
2,116,-4.998615139,460,0.1
3,116,-4.993493536,460,0.2
4,116,-4.97460918,460,0.3
5,116,-4.904758144,460,0.4
6,116,-4.645404158,460,0.5
7,116,-4.083047926,460,0.6
8,116,-2.174624466,460,0.7
9,116,3.014831659,460,0.8
10,116,6.758039788,460,0.9
11,116,10,460,1
1,117,-4.999999995,464,0
2,117,-4.998637736,464,0.1
3,117,-4.99358845,464,0.2
4,117,-4.974915104,464,0.3
5,117,-4.905693547,464,0.4
6,117,-4.728816995,464,0.5
7,117,-4.126412929,464,0.6
8,117,-2.578602117,464,0.7
9,117,2.726243202,464,0.8
10,117,6.658019347,464,0.9
11,117,10,464,1
1,118,-4.999999996,468,0
2,118,-4.998657719,468,0.1
3,118,-4.993670921,468,0.2
4,118,-4.975187475,468,0.3
5,118,-4.922611926,468,0.4
6,118,-4.742027023,468,0.5
7,118,-4.271943119,468,0.6
8,118,-2.687549709,468,0.7
9,118,2.452257056,468,0.8
10,118,6.540329869,468,0.9
11,118,10,468,1
